vocab_size,method,method_display,K,num_seeds,cv_wiki,llm_rating,inverted_rbo,purity,training_time,run_id,run_name
500,bertopic,BERTopic,25,5,0.34263631999999994,2.2960000000000003,0.970151364094056,0.13321319968464918,61.743089294433595,011agrmf,bertopic_K25
500,bertopic,BERTopic,50,5,0.35023996,2.272,0.97839706555973,0.21618425498366936,60.88578805923462,999f2apy,bertopic_K50
500,bertopic,BERTopic,75,5,0.3487241866666667,2.242666666666667,0.9807901515779024,0.2854600743326951,57.40332503318787,xe8r3kc0,bertopic_K75
500,bertopic,BERTopic,100,5,0.35136426,2.2,0.982195275386182,0.3089762360626197,62.40771589279175,7kdstfwq,bertopic_K100
500,combined,CombinedTM,25,5,0.35341664,2.48,0.9855879776389004,0.2777227165221309,143.67381806373595,wcft43k0,combined_K25
500,combined,CombinedTM,50,5,0.35536888,2.5,0.9799211782923282,0.298074107444532,126.08277139663696,ethusiia,combined_K50
500,combined,CombinedTM,75,5,0.35546456,2.416,0.9754763076483456,0.30153170402072305,124.2253786087036,htmnvud8,combined_K75
500,combined,CombinedTM,100,5,0.3548897200000001,2.382,0.9720320497471306,0.30166685437549273,125.3956425189972,qqc9hl6x,combined_K100
500,ecrtm,ECRTM,25,5,0.35450856000000003,2.032,0.9914219403399817,0.18744227953598375,719.2112746238708,a19dc6pq,ecrtm_K25
500,ecrtm,ECRTM,50,5,0.35104952,2.0760000000000005,0.9905284752007092,0.2036715846379097,700.3004529953002,7vij4u6h,ecrtm_K50
500,ecrtm,ECRTM,75,5,0.3621950666666667,2.064,0.9892184981988952,0.2352404550061944,716.3844478607177,4mevoct4,ecrtm_K75
500,ecrtm,ECRTM,100,5,0.35404231999999997,2.084,0.9879305149330608,0.23160265795697713,512.3951857089996,3vd00uyk,ecrtm_K100
500,etm,ETM,25,5,0.32009560000000004,2.3039999999999994,0.8530118073934412,0.26599842324586104,61.15433411598205,p2f3urvr,etm_K25
500,etm,ETM,50,5,0.31516252,2.292,0.8488998506338745,0.27718211510305213,60.74714345932007,7aiewdcc,etm_K50
500,etm,ETM,75,5,0.3230211466666667,2.269333333333333,0.8623076378256966,0.26488343281901117,60.953653240203856,1xejm84n,etm_K75
500,etm,ETM,100,5,0.3266422,2.2300000000000004,0.8713112922867419,0.2618650748958216,60.33748173713684,bw7ivbye,etm_K100
500,fastopic,FASTopic,25,5,0.35434968,2.456,0.9929953555533264,0.25605360964072527,31.731856727600096,6vt2ja6l,fastopic_K25
500,fastopic,FASTopic,50,5,0.35364632,2.372,0.9915087731961664,0.2765063633292037,31.39924373626709,9kh3jyxy,fastopic_K50
500,fastopic,FASTopic,75,5,0.3516110933333334,2.2426666666666666,0.9791953827861468,0.28664263993692984,32.071994161605836,x1xssh8l,fastopic_K75
500,fastopic,FASTopic,100,5,0.35400481999999994,2.1699999999999995,0.9714276304365846,0.2930622817884897,33.09966702461243,4qvh332y,fastopic_K100
500,generative_ERNIE-4.5-0.3B-PT,Generative (ERNIE-4.5-0.3B-PT),25,5,0.35006679999999996,2.696,0.9768825947902366,0.4621352011036825,94.86796498298644,l59kwjsh,generative_ERNIE-4.5-0.3B-PT_K25
500,generative_ERNIE-4.5-0.3B-PT,Generative (ERNIE-4.5-0.3B-PT),50,5,0.34782448,2.74,0.9714362038612746,0.4825214899713467,95.53678092956542,np13gc6i,generative_ERNIE-4.5-0.3B-PT_K50
500,generative_ERNIE-4.5-0.3B-PT,Generative (ERNIE-4.5-0.3B-PT),75,5,0.34439314666666665,2.709333333333334,0.9696163723075368,0.4926668789132973,96.3454647064209,qbj0enss,generative_ERNIE-4.5-0.3B-PT_K75
500,generative_ERNIE-4.5-0.3B-PT,Generative (ERNIE-4.5-0.3B-PT),100,5,0.34046380000000004,2.666,0.9689566833116666,0.4966358909052319,96.30580019950868,m6lkef7l,generative_ERNIE-4.5-0.3B-PT_K100
500,lda,LDA,25,5,0.33904776000000003,2.3199999999999994,0.9564403574948817,0.23859668881630816,7.085493469238282,2wdaqs92,lda_K25
500,lda,LDA,50,5,0.3356386400000001,2.1879999999999997,0.9658423900296494,0.2467169726320532,7.86086072921753,f658rqmz,lda_K50
500,lda,LDA,75,5,0.33768565333333334,2.1306666666666665,0.965226736144609,0.2509178961594774,9.803943252563476,utcnkgvx,lda_K75
500,lda,LDA,100,5,0.33365408,2.0940000000000003,0.9635251480596024,0.24780943799977476,12.05253529548645,m272dffy,lda_K100
500,prodlda,ProdLDA,25,5,0.35348176000000003,2.384,0.9857919325572322,0.2585651537335286,78.62070441246033,epymujiz,prodlda_K25
500,prodlda,ProdLDA,50,5,0.35319848,2.36,0.9797364762337584,0.27196756391485527,78.97025661468506,pp3wmm7j,prodlda_K50
500,prodlda,ProdLDA,75,5,0.3503703733333333,2.277333333333333,0.9766983166640968,0.2743439576528888,80.5508460521698,oiu7gpbo,prodlda_K75
500,prodlda,ProdLDA,100,5,0.34645228000000006,2.22,0.9740634062321878,0.2735668431129632,79.72640972137451,lo05h0dy,prodlda_K100
500,zeroshot,ZeroShotTM,25,5,0.35423672,2.512,0.9876673233066576,0.2771483275143597,100.59428205490111,ypgrwrva,zeroshot_K25
500,zeroshot,ZeroShotTM,50,5,0.3526730799999999,2.448,0.9821086610698714,0.2976799189097871,101.58322792053222,hi1ckhns,zeroshot_K50
500,zeroshot,ZeroShotTM,75,5,0.35578874666666666,2.3600000000000003,0.9780818159756672,0.3117130307467057,101.33165674209594,imntq0lg,zeroshot_K75
500,zeroshot,ZeroShotTM,100,5,0.35290340000000003,2.3280000000000003,0.9759960836421272,0.31017006419641857,101.67312736511232,xh1eut6p,zeroshot_K100
1000,bertopic,BERTopic,25,5,0.35933287999999997,2.456,0.9823088059229048,0.15453174736136704,57.89675626754761,to59v27y,bertopic_K25
1000,bertopic,BERTopic,50,5,0.35305092,2.416,0.986141601104958,0.2170994583123918,59.6534912109375,3ygq0vz3,bertopic_K50
1000,bertopic,BERTopic,75,5,0.3494277066666666,2.36,0.9887903896064608,0.33286424303345064,60.61302123069763,xug6m6ll,bertopic_K75
1000,bertopic,BERTopic,100,5,0.34555774000000006,2.372,0.989736278934206,0.37487016250628247,62.59230165481567,ji2qz5o1,bertopic_K100
1000,combined,CombinedTM,25,5,0.34555712,2.592,0.99235272630669,0.32292399620260237,130.26084065437317,v91vwqhs,combined_K25
1000,combined,CombinedTM,50,5,0.34259239999999996,2.548,0.9910088358121892,0.3590216116602446,124.97216305732726,p2oim7g7,combined_K50
1000,combined,CombinedTM,75,5,0.3440205866666667,2.538666666666667,0.9880121232159292,0.3629642039425923,128.57862095832826,b5dtysws,combined_K75
1000,combined,CombinedTM,100,5,0.34652681999999996,2.502,0.985833259113478,0.36713017255821745,129.69315519332886,w2o3n43o,combined_K100
1000,ecrtm,ECRTM,25,5,0.34183887999999996,2.0959999999999996,0.9983313539820045,0.2379739766571732,712.5471163749695,bqjc1t2a,ecrtm_K25
1000,ecrtm,ECRTM,50,5,0.33837043999999994,2.108,0.9976354348940925,0.25670408220249064,697.6229110717774,t441zwvj,ecrtm_K50
1000,ecrtm,ECRTM,75,5,0.33858,2.1253333333333337,0.9969634082420118,0.29817389847545656,726.524343252182,2hnonc0c,ecrtm_K75
1000,ecrtm,ECRTM,100,5,0.34006488,2.0780000000000003,0.997066411168066,0.2835092421957893,715.0895518779755,i3hmhp1j,ecrtm_K100
1000,etm,ETM,25,5,0.32784,2.3120000000000003,0.9028317650347304,0.29666610822583345,63.56959428787231,l5qgwrcs,etm_K25
1000,etm,ETM,50,5,0.326259,2.2880000000000003,0.8978164180914228,0.3261294465851343,63.80472965240479,q7oyxssm,etm_K50
1000,etm,ETM,75,5,0.32972162666666666,2.285333333333333,0.9016785781035308,0.32936840341765794,63.59288158416748,yfr6r3bb,etm_K75
1000,etm,ETM,100,5,0.33166952000000005,2.256,0.9094372559282136,0.3191154297202211,63.414251756668094,53ci7mti,etm_K100
1000,fastopic,FASTopic,25,5,0.35458288000000004,2.632,0.9995952253427086,0.3278941196180265,39.76731243133545,25tcq2ed,fastopic_K25
1000,fastopic,FASTopic,50,5,0.34433203999999995,2.54,0.9978220173721524,0.3510470765622382,39.8467734336853,ld2dulmu,fastopic_K50
1000,fastopic,FASTopic,75,5,0.3412756,2.541333333333333,0.99641069494809,0.35596135589434297,42.06242690086365,y15wpqeg,fastopic_K75
1000,fastopic,FASTopic,100,5,0.33883549999999996,2.524,0.9957085333173012,0.3562070698609482,41.38169941902161,xkkppksb,fastopic_K100
1000,generative_ERNIE-4.5-0.3B-PT,Generative (ERNIE-4.5-0.3B-PT),25,5,0.35958103999999996,2.872,0.9880289253863884,0.4824472036506421,96.65045380592346,5fdj0sp2,generative_ERNIE-4.5-0.3B-PT_K25
1000,generative_ERNIE-4.5-0.3B-PT,Generative (ERNIE-4.5-0.3B-PT),50,5,0.35690255999999987,2.8359999999999994,0.9832439167630312,0.5105698822031199,96.69761867523194,b8ce4t8o,generative_ERNIE-4.5-0.3B-PT_K50
1000,generative_ERNIE-4.5-0.3B-PT,Generative (ERNIE-4.5-0.3B-PT),75,5,0.3537761333333333,2.8346666666666662,0.9830147546644248,0.5208001697973044,97.4191964149475,iu1j7iyj,generative_ERNIE-4.5-0.3B-PT_K75
1000,generative_ERNIE-4.5-0.3B-PT,Generative (ERNIE-4.5-0.3B-PT),100,5,0.35353296,2.8200000000000003,0.9817714618910272,0.5341823198556723,97.26090817451475,8byf5z6v,generative_ERNIE-4.5-0.3B-PT_K100
1000,lda,LDA,25,5,0.34044072000000003,2.3199999999999994,0.95747030673164,0.27973418216339974,7.966595935821533,eihgftvw,lda_K25
1000,lda,LDA,50,5,0.33778087999999995,2.212,0.9779626556427786,0.27591444686435473,9.19194483757019,f8d2vxwj,lda_K50
1000,lda,LDA,75,5,0.33403008000000006,2.213333333333334,0.9836664199585096,0.28245937342938515,13.042538976669311,h6rr76ro,lda_K75
1000,lda,LDA,100,5,0.33357882,2.162,0.9831958227529628,0.27710951024738933,17.052169227600096,1g29z2hl,lda_K100
1000,prodlda,ProdLDA,25,5,0.34672055999999996,2.472,0.991931071031434,0.28984196124420614,81.3218936920166,n2x3yuew,prodlda_K25
1000,prodlda,ProdLDA,50,5,0.34057208,2.468,0.9896644891573056,0.3237951639023845,82.17357015609741,vgqogzeg,prodlda_K50
1000,prodlda,ProdLDA,75,5,0.3400782133333333,2.3840000000000003,0.9877526823994456,0.32672139386831967,82.64180550575256,8qw3xoyl,prodlda_K75
1000,prodlda,ProdLDA,100,5,0.34309085999999994,2.346,0.9867871693708572,0.33096554420059193,83.3809223651886,v3nyntdv,prodlda_K100
1000,zeroshot,ZeroShotTM,25,5,0.34326175999999997,2.624,0.9938900744440874,0.32564918746858773,102.96840500831604,nhuth88e,zeroshot_K25
1000,zeroshot,ZeroShotTM,50,5,0.34593215999999993,2.54,0.991451787938904,0.3577707041938907,103.80884590148926,rer85n87,zeroshot_K50
1000,zeroshot,ZeroShotTM,75,5,0.34182856,2.490666666666667,0.989388400814876,0.3693192606243368,105.34776611328124,93a10ixc,zeroshot_K75
1000,zeroshot,ZeroShotTM,100,5,0.3441346,2.484,0.9880954659835126,0.373753280839895,105.24524598121644,doje040a,zeroshot_K100
2000,bertopic,BERTopic,25,5,0.36147696,2.4319999999999995,0.9883181509851362,0.20702495414883565,48.34585299491882,t4oufqar,bertopic_K25
2000,bertopic,BERTopic,50,5,0.3591358,2.508,0.991753386942592,0.3239704329461458,47.83358721733093,ir2251ur,bertopic_K50
2000,bertopic,BERTopic,75,5,0.3591647733333333,2.477333333333333,0.9927153014025138,0.4249208025343189,47.359846925735475,hwkv0jix,bertopic_K75
2000,bertopic,BERTopic,100,5,0.35898924,2.484,0.9932398585846944,0.4535430445173123,49.320696640014646,arf9pe2a,bertopic_K100
2000,combined,CombinedTM,25,5,0.35734144,2.64,0.9930581323197372,0.3533262935586062,110.73754320144651,8rb0k9er,combined_K25
2000,combined,CombinedTM,50,5,0.34868091999999995,2.584,0.9945329323694254,0.38874006558105934,111.0220726966858,zytwbim8,combined_K50
2000,combined,CombinedTM,75,5,0.34804381333333334,2.525333333333333,0.9924389838027384,0.4068804535096982,111.25728578567504,r805osr4,combined_K75
2000,combined,CombinedTM,100,5,0.35063666000000004,2.5119999999999996,0.9925374868321534,0.4145501028177625,111.54600729942322,bxn51m44,combined_K100
2000,ecrtm,ECRTM,25,5,0.38251632,2.4479999999999995,0.9987806022722452,0.33477463458011447,618.3556083202362,q3uc7g0p,ecrtm_K25
2000,ecrtm,ECRTM,50,5,0.36269988,2.3199999999999994,0.9978010479640878,0.3781025954537876,616.4601958751679,0vqdmev5,ecrtm_K50
2000,ecrtm,ECRTM,75,5,0.3533187466666667,2.2453333333333334,0.9982590974888536,0.37730228422164175,611.9874757766723,dlkcjzy3,ecrtm_K75
2000,ecrtm,ECRTM,100,5,0.34289556,2.114,0.9997632883824844,0.36418607236147393,610.6203361034393,bodevocf,ecrtm_K100
2000,etm,ETM,25,5,0.339428,2.432,0.9424689125129204,0.3349413660868116,70.01028008460999,ayo64l6f,etm_K25
2000,etm,ETM,50,5,0.34313568000000005,2.348,0.9303046829980562,0.367287278386039,70.03776230812073,jeck52ni,etm_K50
2000,etm,ETM,75,5,0.34584487999999997,2.3120000000000003,0.9296113155571172,0.3773578613905408,78.27547063827515,ng29dqat,etm_K75
2000,etm,ETM,100,5,0.34673870000000007,2.2939999999999996,0.93317500552752,0.361296059578725,77.84024748802184,j40vuiiz,etm_K100
2000,fastopic,FASTopic,25,5,0.37103808,2.648,0.9999230395733052,0.38597232256988834,48.983949947357175,mg6vwnpq,fastopic_K25
2000,fastopic,FASTopic,50,5,0.3571770799999999,2.576,0.99885544020764,0.42355360417940313,49.45098967552185,at2dz7a6,fastopic_K50
2000,fastopic,FASTopic,75,5,0.3528926133333333,2.5519999999999996,0.9986297800932088,0.4245095314844662,49.96117520332336,3hj2oqgb,fastopic_K75
2000,fastopic,FASTopic,100,5,0.34998535999999997,2.5799999999999996,0.9978728248279096,0.43093425220919246,52.101708984375,k3ecjwrq,fastopic_K100
2000,generative_ERNIE-4.5-0.3B-PT,Generative (ERNIE-4.5-0.3B-PT),25,5,0.39475856,2.88,0.9945699362821704,0.5023028759418444,94.27028937339784,9s8eensm,generative_ERNIE-4.5-0.3B-PT_K25
2000,generative_ERNIE-4.5-0.3B-PT,Generative (ERNIE-4.5-0.3B-PT),50,5,0.3791604,2.844,0.990328624894335,0.5127878594927305,94.711998462677,rj7xdbwb,generative_ERNIE-4.5-0.3B-PT_K50
2000,generative_ERNIE-4.5-0.3B-PT,Generative (ERNIE-4.5-0.3B-PT),75,5,0.37666333333333335,2.864,0.989901377654849,0.5282075772047119,95.239248752594,m27s971v,generative_ERNIE-4.5-0.3B-PT_K75
2000,generative_ERNIE-4.5-0.3B-PT,Generative (ERNIE-4.5-0.3B-PT),100,5,0.37340518,2.8560000000000003,0.9889037269739898,0.5357529449219993,95.34653644561767,s8kd9a43,generative_ERNIE-4.5-0.3B-PT_K100
2000,lda,LDA,25,5,0.33583704,2.304,0.952730496194326,0.29630411826821546,8.391425228118896,w884814i,lda_K25
2000,lda,LDA,50,5,0.34612796,2.236,0.977492756716822,0.29859389762685484,11.518151140213012,8jnwh4gw,lda_K50
2000,lda,LDA,75,5,0.34144869333333333,2.189333333333334,0.9879493276227356,0.3031512254765743,16.844678735733034,andyzuj5,lda_K75
2000,lda,LDA,100,5,0.34214598,2.148,0.9911284481232242,0.3079308620018896,21.57620506286621,0qqxh4xw,lda_K100
2000,prodlda,ProdLDA,25,5,0.35492239999999997,2.576,0.9908208237161136,0.33520813649752684,84.19684534072876,uxprn6z8,prodlda_K25
2000,prodlda,ProdLDA,50,5,0.34826064,2.524,0.9931744407382194,0.35680542433168455,84.53725242614746,kj5elvgy,prodlda_K50
2000,prodlda,ProdLDA,75,5,0.35124367999999995,2.4639999999999995,0.9922296373477772,0.36001778469404766,85.0593924999237,nnfs4onz,prodlda_K75
2000,prodlda,ProdLDA,100,5,0.3486003,2.386,0.9920710843591904,0.3731673428555549,86.47047972679138,k6ff2hvx,prodlda_K100
2000,zeroshot,ZeroShotTM,25,5,0.35445783999999997,2.544,0.9931344444806374,0.35763908186516974,106.8322214603424,km1qs3qc,zeroshot_K25
2000,zeroshot,ZeroShotTM,50,5,0.35744284,2.576,0.994232481375902,0.4010559662090813,107.04766845703124,vjp2tx67,zeroshot_K50
2000,zeroshot,ZeroShotTM,75,5,0.35100744,2.5279999999999996,0.9944740628669304,0.4119490913132885,107.50741453170777,lfofbs97,zeroshot_K75
2000,zeroshot,ZeroShotTM,100,5,0.35214024,2.476,0.9933943830924256,0.41699549824931914,106.33747773170472,q4euuf56,zeroshot_K100
4000,bertopic,BERTopic,25,5,0.36904048,2.552,0.9888974795924652,0.25074262912879625,61.78058533668518,mkds1lqe,bertopic_K25
4000,bertopic,BERTopic,50,5,0.37341396,2.596,0.993407013515468,0.3623808468188872,61.70592885017395,6a0a5s4y,bertopic_K50
4000,bertopic,BERTopic,75,5,0.37135504,2.5786666666666664,0.9946952786878184,0.4339281755708268,61.61352229118347,8l0r6sk3,bertopic_K75
4000,bertopic,BERTopic,100,5,0.3687044799999999,2.5780000000000003,0.9950257541216871,0.4723897140323653,62.830498123168944,8v0uva7k,bertopic_K100
4000,combined,CombinedTM,25,5,0.36818872,2.568,0.9928152488598112,0.38100199512303257,151.9114533901215,e39jvdv8,combined_K25
4000,combined,CombinedTM,50,5,0.35651348,2.528,0.993145886327056,0.41051873198847266,144.4007031917572,dh4chvpa,combined_K50
4000,combined,CombinedTM,75,5,0.35615010666666663,2.4880000000000004,0.9935327418241314,0.4368432720017735,143.63374485969544,bl7phkuc,combined_K75
4000,combined,CombinedTM,100,5,0.3652471,2.462,0.993735815663485,0.43658833961427623,143.36747937202455,82cpn2va,combined_K100
4000,ecrtm,ECRTM,25,5,0.41480112,2.6719999999999997,0.9979135015540122,0.43829527820882286,727.7110535144806,9u0fhuk0,ecrtm_K25
4000,ecrtm,ECRTM,50,5,0.3974444399999999,2.3440000000000003,0.9989193960682872,0.418787408556861,722.1043107509613,a1w7by2u,ecrtm_K50
4000,ecrtm,ECRTM,75,5,0.37957712,2.242666666666667,0.9990212269248652,0.43460430059853694,720.2125713825226,cb3dgm66,ecrtm_K75
4000,ecrtm,ECRTM,100,5,0.3703592,2.194,0.9996194736174868,0.4330857902904013,717.4136226654052,ztnadj2e,ecrtm_K100
4000,etm,ETM,25,5,0.3583879200000001,2.4240000000000004,0.9668949100511376,0.3347483928175571,71.94831066131592,2l881rck,etm_K25
4000,etm,ETM,50,5,0.35417848,2.344,0.9526708692215592,0.39178674351585013,72.1073974609375,2bagukhw,etm_K50
4000,etm,ETM,75,5,0.3552283466666667,2.3226666666666667,0.94982734665005,0.3985369097761029,104.570490026474,1t1uuhka,etm_K75
4000,etm,ETM,100,5,0.3515931,2.308,0.9513089937157272,0.3957991576147196,104.81970829963684,h20gvez9,etm_K100
4000,fastopic,FASTopic,25,5,0.38345360000000006,2.544,0.999917731516273,0.40018842828641105,70.72618737220765,q956mwg3,fastopic_K25
4000,fastopic,FASTopic,50,5,0.3761086,2.508,0.9993254840073362,0.4630680558634449,72.68363509178161,qopbcjlc,fastopic_K50
4000,fastopic,FASTopic,75,5,0.3781821866666667,2.5306666666666664,0.9982723847678991,0.4782420749279539,72.252193069458,wgcd6rjd,fastopic_K75
4000,fastopic,FASTopic,100,5,0.37504582,2.5159999999999996,0.9980823590372664,0.49060075371314565,74.0702832698822,u3jfhvz3,fastopic_K100
4000,generative_ERNIE-4.5-0.3B-PT,Generative (ERNIE-4.5-0.3B-PT),25,5,0.4168532800000001,2.9200000000000004,0.9973779216136178,0.5006685768863419,102.19928646087646,xxu7nu0m,generative_ERNIE-4.5-0.3B-PT_K25
4000,generative_ERNIE-4.5-0.3B-PT,Generative (ERNIE-4.5-0.3B-PT),50,5,0.39159096,2.8920000000000003,0.9939632583255332,0.5186140295022816,102.81192588806152,b6ocnv2k,generative_ERNIE-4.5-0.3B-PT_K50
4000,generative_ERNIE-4.5-0.3B-PT,Generative (ERNIE-4.5-0.3B-PT),75,5,0.39424149333333336,2.888,0.9934858607578716,0.5304680038204393,102.9188383102417,am594i5c,generative_ERNIE-4.5-0.3B-PT_K75
4000,generative_ERNIE-4.5-0.3B-PT,Generative (ERNIE-4.5-0.3B-PT),100,5,0.39310398,2.894000000000001,0.9928655143745828,0.5358590682372918,103.54491024017334,fmj7lnyy,generative_ERNIE-4.5-0.3B-PT_K100
4000,lda,LDA,25,5,0.34619288000000004,2.232,0.9714162694508698,0.3013855021059632,8.461638641357421,8sju2jll,lda_K25
4000,lda,LDA,50,5,0.34778191999999997,2.096,0.9873702592625488,0.3150077588117934,12.824413013458251,d3cjckem,lda_K50
4000,lda,LDA,75,5,0.34220528,2.0906666666666665,0.9914020684388112,0.3172245621813345,19.105459117889403,mvvwdp24,lda_K75
4000,lda,LDA,100,5,0.34359858,2.0279999999999996,0.99412048342863,0.3120704943471514,24.59141845703125,x1v7k6yq,lda_K100
4000,prodlda,ProdLDA,25,5,0.35756048,2.4720000000000004,0.9839701079389048,0.347738860563068,93.69063458442687,r2nj0mrf,prodlda_K25
4000,prodlda,ProdLDA,50,5,0.34885740000000004,2.408,0.990053036447893,0.3826867656838838,93.4440502166748,ljbk1691,prodlda_K50
4000,prodlda,ProdLDA,75,5,0.36142312,2.3733333333333335,0.9913591041856532,0.39670804699623147,94.14710140228271,m6eq4b0z,prodlda_K75
4000,prodlda,ProdLDA,100,5,0.35898422,2.3659999999999997,0.994157155679514,0.39691864331633786,95.38265290260316,o7o30qiv,prodlda_K100
4000,zeroshot,ZeroShotTM,25,5,0.35661560000000003,2.632,0.9922016388781184,0.3806916426512969,116.61261053085327,q3nfwztf,zeroshot_K25
4000,zeroshot,ZeroShotTM,50,5,0.35751,2.5120000000000005,0.993362845835908,0.4164043449346043,116.28977146148682,ikcwub3v,zeroshot_K50
4000,zeroshot,ZeroShotTM,75,5,0.36314528,2.4693333333333336,0.9947967550666692,0.43509199733983595,117.43467087745668,2luy8afm,zeroshot_K75
4000,zeroshot,ZeroShotTM,100,5,0.36174008,2.468,0.9951917603247432,0.4495455553092441,116.54315357208252,2ydir1gv,zeroshot_K100
